cycle,peak_displacement_mm,trough_displacement_mm,end_displacement_mm
1,2.223978563168,0.000000000000,1.336427932088
2,2.280301248412,1.336427932088,1.392750617332
3,2.313247907220,1.392750617332,1.425697276140
4,2.336623933656,1.425697276140,1.449073302576
5,2.354755788416,1.449073302576,1.467205157336
6,2.369570592464,1.467205157336,1.482019961384
7,2.382096330812,1.482019961384,1.494545699732
8,2.392946618901,1.494545699732,1.505395987821
9,2.402517251272,1.505395987821,1.514966620192
10,2.411078473660,1.514966620192,1.523527842580
11,2.418823041348,1.523527842580,1.531272410268
12,2.425893277709,1.531272410268,1.538342646629
13,2.432397264678,1.538342646629,1.544846633598
14,2.438419016056,1.544846633598,1.550868384976
15,2.444025132468,1.550868384976,1.556474501388
16,2.449269304145,1.556474501388,1.561718673065
17,2.454195446223,1.561718673065,1.566644815143
18,2.458839936516,1.566644815143,1.571289305436
19,2.463233247448,1.571289305436,1.575682616368
20,2.467401158905,1.575682616368,1.579850527825
21,2.471365674864,1.579850527825,1.583815043784
22,2.475145726593,1.583815043784,1.587595095513
23,2.478757719402,1.587595095513,1.591207088322
24,2.482215962953,1.591207088322,1.594665331873
25,2.485533013664,1.594665331873,1.597982382584
26,2.488719949922,1.597982382584,1.601169318842
27,2.491786595324,1.601169318842,1.604235964244
28,2.494741701300,1.604235964244,1.607191070220
29,2.497593097679,1.607191070220,1.610042466599
30,2.500347817712,1.610042466599,1.612797186632
31,2.503012202596,1.612797186632,1.615461571516
32,2.505591989389,1.615461571516,1.618041358309
33,2.508092385400,1.618041358309,1.620541754320
34,2.510518131467,1.620541754320,1.622967500387
35,2.512873556060,1.622967500387,1.625322924980
36,2.515162621761,1.625322924980,1.627611990681
37,2.517388965375,1.627611990681,1.629838334295
38,2.519555932692,1.629838334295,1.632005301612
39,2.521666608730,1.632005301612,1.634115977650
40,2.523723844149,1.634115977650,1.636173213069
41,2.525730278404,1.636173213069,1.638179647324
42,2.527688360108,1.638179647324,1.640137729028
43,2.529600364999,1.640137729028,1.642049733919
44,2.531468411837,1.642049733919,1.643917780757
45,2.533294476520,1.643917780757,1.645743845440
46,2.535080404646,1.645743845440,1.647529773566
47,2.536827922722,1.647529773566,1.649277291642
48,2.538538648197,1.649277291642,1.650988017117
49,2.540214098456,1.650988017117,1.652663467376
50,2.541855698908,1.652663467376,1.654305067828
51,2.543464790275,1.654305067828,1.655914159195
52,2.545042635167,1.655914159195,1.657492004087
53,2.546590424034,1.657492004087,1.659039792954
54,2.548109280568,1.659039792954,1.660558649488
55,2.549600266597,1.660558649488,1.662049635517
56,2.551064386545,1.662049635517,1.663513755465
57,2.552502591500,1.663513755465,1.664951960420
58,2.553915782923,1.664951960420,1.666365151843
59,2.555304816041,1.666365151843,1.667754184961
60,2.556670502957,1.667754184961,1.669119871877
61,2.558013615498,1.669119871877,1.670462984418
62,2.559334887840,1.670462984418,1.671784256760
63,2.560635018916,1.671784256760,1.673084387836
64,2.561914674633,1.673084387836,1.674364043553
65,2.563174489926,1.674364043553,1.675623858846
66,2.564415070645,1.675623858846,1.676864439565
67,2.565636995306,1.676864439565,1.678086364226
68,2.566840816712,1.678086364226,1.679290185632
69,2.568027063454,1.679290185632,1.680476432374
70,2.569196241304,1.680476432374,1.681645610224
71,2.570348834511,1.681645610224,1.682798203431
72,2.571485307005,1.682798203431,1.683934675925
73,2.572606103515,1.683934675925,1.685055472435
74,2.573711650619,1.685055472435,1.686161019539
75,2.574802357716,1.686161019539,1.687251726636
76,2.575878617936,1.687251726636,1.688327986856
77,2.576940808992,1.688327986856,1.689390177912
78,2.577989293974,1.689390177912,1.690438662894
79,2.579024422096,1.690438662894,1.691473791016
80,2.580046529393,1.691473791016,1.692495898313
81,2.581055939376,1.692495898313,1.693505308296
82,2.582052963648,1.693505308296,1.694502332568
83,2.583037902479,1.694502332568,1.695487271399
84,2.584011045352,1.695487271399,1.696460414272
85,2.584972671471,1.696460414272,1.697422040391
86,2.585923050243,1.697422040391,1.698372419163
