cycle,peak_displacement_mm,trough_displacement_mm,end_displacement_mm
1,2.223978563168,0.0,1.336427932088
2,2.223978563168,1.336427932088,1.336427932088
3,2.223978563168,1.336427932088,1.336427932088
4,2.223978563168,1.336427932088,1.336427932088
5,2.223978563168,1.336427932088,1.336427932088
6,2.223978563168,1.336427932088,1.336427932088
7,2.223978563168,1.336427932088,1.336427932088
8,2.223978563168,1.336427932088,1.336427932088
9,2.223978563168,1.336427932088,1.336427932088
10,2.223978563168,1.336427932088,1.336427932088
11,2.223978563168,1.336427932088,1.336427932088
12,2.223978563168,1.336427932088,1.336427932088
13,2.223978563168,1.336427932088,1.336427932088
14,2.223978563168,1.336427932088,1.336427932088
15,2.223978563168,1.336427932088,1.336427932088
16,2.223978563168,1.336427932088,1.336427932088
17,2.223978563168,1.336427932088,1.336427932088
18,2.223978563168,1.336427932088,1.336427932088
19,2.223978563168,1.336427932088,1.336427932088
20,2.223978563168,1.336427932088,1.336427932088
21,2.223978563168,1.336427932088,1.336427932088
22,2.223978563168,1.336427932088,1.336427932088
23,2.223978563168,1.336427932088,1.336427932088
24,2.223978563168,1.336427932088,1.336427932088
25,2.223978563168,1.336427932088,1.336427932088
26,2.223978563168,1.336427932088,1.336427932088
27,2.223978563168,1.336427932088,1.336427932088
28,2.223978563168,1.336427932088,1.336427932088
29,2.223978563168,1.336427932088,1.336427932088
30,2.223978563168,1.336427932088,1.336427932088
31,2.223978563168,1.336427932088,1.336427932088
32,2.223978563168,1.336427932088,1.336427932088
33,2.223978563168,1.336427932088,1.336427932088
34,2.223978563168,1.336427932088,1.336427932088
35,2.223978563168,1.336427932088,1.336427932088
36,2.223978563168,1.336427932088,1.336427932088
37,2.223978563168,1.336427932088,1.336427932088
38,2.223978563168,1.336427932088,1.336427932088
39,2.223978563168,1.336427932088,1.336427932088
40,2.223978563168,1.336427932088,1.336427932088
41,2.223978563168,1.336427932088,1.336427932088
42,2.223978563168,1.336427932088,1.336427932088
43,2.223978563168,1.336427932088,1.336427932088
44,2.223978563168,1.336427932088,1.336427932088
45,2.223978563168,1.336427932088,1.336427932088
46,2.223978563168,1.336427932088,1.336427932088
47,2.223978563168,1.336427932088,1.336427932088
48,2.223978563168,1.336427932088,1.336427932088
49,2.223978563168,1.336427932088,1.336427932088
50,2.223978563168,1.336427932088,1.336427932088
51,2.223978563168,1.336427932088,1.336427932088
52,2.223978563168,1.336427932088,1.336427932088
53,2.223978563168,1.336427932088,1.336427932088
54,2.223978563168,1.336427932088,1.336427932088
55,2.223978563168,1.336427932088,1.336427932088
56,2.223978563168,1.336427932088,1.336427932088
57,2.223978563168,1.336427932088,1.336427932088
58,2.223978563168,1.336427932088,1.336427932088
59,2.223978563168,1.336427932088,1.336427932088
60,2.223978563168,1.336427932088,1.336427932088
61,2.223978563168,1.336427932088,1.336427932088
62,2.223978563168,1.336427932088,1.336427932088
63,2.223978563168,1.336427932088,1.336427932088
64,2.223978563168,1.336427932088,1.336427932088
65,2.223978563168,1.336427932088,1.336427932088
66,2.223978563168,1.336427932088,1.336427932088
67,2.223978563168,1.336427932088,1.336427932088
68,2.223978563168,1.336427932088,1.336427932088
69,2.223978563168,1.336427932088,1.336427932088
70,2.223978563168,1.336427932088,1.336427932088
71,2.223978563168,1.336427932088,1.336427932088
72,2.223978563168,1.336427932088,1.336427932088
73,2.223978563168,1.336427932088,1.336427932088
74,2.223978563168,1.336427932088,1.336427932088
75,2.223978563168,1.336427932088,1.336427932088
76,2.223978563168,1.336427932088,1.336427932088
77,2.223978563168,1.336427932088,1.336427932088
78,2.223978563168,1.336427932088,1.336427932088
79,2.223978563168,1.336427932088,1.336427932088
80,2.223978563168,1.336427932088,1.336427932088
81,2.223978563168,1.336427932088,1.336427932088
82,2.223978563168,1.336427932088,1.336427932088
83,2.223978563168,1.336427932088,1.336427932088
84,2.223978563168,1.336427932088,1.336427932088
85,2.223978563168,1.336427932088,1.336427932088
86,2.223978563168,1.336427932088,1.336427932088
